id,FIRST_NAME,LAST_NAME,EMAIL,SALARY
100,Steven,King,SKING,24000
101,Neena,Kochhar,NKOCHHAR,17000
102,Lex,De Haan,LDEHAAN,17000
103,Alexander,Hunold,AHUNOLD,9000
105,David,Austin,DAUSTIN,4800
106,Valli,Pataballa,VPATABAL,4800
107,Diana,Lorentz,DLORENTZ,4200
108,Nancy,Greenberg,NGREENBE,12000
109,Daniel,Faviet,DFAVIET,9000
110,John,Chen,JCHEN,8200
111,Ismael,Sciarra,ISCIARRA,7700
112,Jose Manuel,Urman,JMURMAN,7800
113,Luis,Popp,LPOPP,6900
114,Den,Raphaely,DRAPHEAL,11000
115,Alexander,Khoo,AKHOO,3100
116,Shelli,Baida,SBAIDA,2900
117,Sigal,Tobias,STOBIAS,2800
118,Guy,Himuro,GHIMURO,2600
119,Karen,Colmenares,KCOLMENA,2500
120,Matthew,Weiss,MWEISS,8000
